crop_id,display_name,production,area,farmgate,retail,sua_context,sua_scope,nccag_context,nccag_layer,nccag_specificity,demo_crop
abiu,Abiu,yes,yes,no,no,no,,no,,,no
achuete,Achuete,yes,yes,no,no,no,,no,,,no
agitway,Agitway,yes,yes,no,no,no,,no,,,no
aglomena,Aglomena,yes,yes,no,no,no,,no,,,no
alubihod,Alubihod,yes,yes,no,no,no,,no,,,no
alucon,Alucon,yes,yes,no,no,no,,no,,,no
alugbati,Alugbati,yes,yes,yes,no,no,,no,,,no
ampalaya-fruit-bitter-gourd,Ampalaya Fruit Bitter Gourd,yes,yes,yes,no,no,,no,,,no
anonas,Anonas,yes,yes,yes,no,no,,no,,,no
anthurium,Anthurium,yes,yes,yes,no,no,,no,,,no
apat-apat,Apat Apat,yes,yes,no,no,no,,no,,,no
apatot,Apatot,yes,yes,no,no,no,,no,,,no
aratelis-manzanita,Aratelis Manzanita,yes,yes,yes,no,no,,no,,,no
arius-fruit,Arius Fruit,yes,yes,no,no,no,,no,,,no
ariwat,Ariwat,yes,yes,no,no,no,,no,,,no
arrowroot,Arrowroot,yes,yes,yes,no,no,,no,,,no
asparagus,Asparagus,yes,yes,yes,no,yes,national,no,,,no
aster,Aster,yes,yes,yes,no,no,,no,,,no
atis,Atis,yes,yes,no,no,yes,national,no,,,no
avocado,Avocado,yes,yes,yes,no,yes,national,no,,,no
azucena,Azucena,yes,yes,no,no,no,,no,,,no
baby-s-breath,Baby S Breath,yes,yes,no,no,no,,no,,,no
bagbagkong-fruit,Bagbagkong Fruit,yes,yes,no,no,no,,no,,,no
balimbing,Balimbing,yes,yes,yes,no,no,,no,,,no
ballaiba,Ballaiba,yes,yes,no,no,no,,no,,,no
banaba,Banaba,yes,yes,no,no,no,,no,,,no
banana,Banana,yes,yes,no,no,yes,national,yes,Banana,direct_label,no
banana-bungulan,Banana Bungulan,yes,yes,no,no,no,,no,,,no
banana-cavendish,Banana Cavendish,yes,yes,yes,no,no,,no,,,no
banana-lakatan,Banana Lakatan,yes,yes,no,no,no,,no,,,no
banana-latundan,Banana Latundan,yes,yes,no,no,no,,no,,,no
banana-others,Banana Others,yes,yes,no,no,no,,no,,,no
banana-saba,Banana Saba,yes,yes,no,no,no,,no,,,no
bariw-fiber,Bariw Fiber,yes,yes,no,no,no,,no,,,no
basil,Basil,yes,yes,no,no,no,,no,,,no
batwan,Batwan,yes,yes,no,no,no,,no,,,no
bawing-sulasi,Bawing Sulasi,yes,yes,no,no,no,,no,,,no
beets,Beets,yes,yes,no,no,no,,no,,,no
begonia,Begonia,yes,yes,no,no,no,,no,,,no
betel-nut,Betel Nut,yes,yes,yes,no,no,,no,,,no
bignay,Bignay,yes,yes,yes,no,no,,no,,,no
black-beans,Black Beans,yes,yes,no,no,no,,no,,,no
blue-grass,Blue Grass,yes,yes,no,no,no,,no,,,no
breadfruit,Breadfruit,yes,yes,yes,no,no,,no,,,no
broccoli,Broccoli,yes,yes,yes,no,yes,national,no,,,no
bromeliad,Bromeliad,yes,yes,no,no,no,,no,,,no
cabbage,Cabbage,yes,yes,yes,yes,yes,national,no,,,no
cacao,Cacao,yes,yes,no,no,yes,national,yes,Cacao,direct_label,no
cactus,Cactus,yes,yes,no,no,no,,no,,,no
calachuci,Calachuci,yes,yes,no,no,no,,no,,,no
calamansi,Calamansi,yes,yes,yes,yes,yes,national,no,,,no
camangeg,Camangeg,yes,yes,no,no,no,,no,,,no
camatchili,Camatchili,yes,yes,yes,no,no,,no,,,no
camia-flower,Camia Flower,yes,yes,no,no,no,,no,,,no
camote-sweet-potato,Camote Sweet Potato,yes,yes,yes,no,no,,no,,,no
canistel,Canistel,yes,yes,yes,no,no,,no,,,no
carabao-grass,Carabao Grass,yes,yes,no,no,no,,no,,,no
carnation,Carnation,yes,yes,no,no,no,,no,,,no
carrot,Carrot,yes,yes,yes,no,no,,no,,,no
cashew,Cashew,yes,yes,no,no,no,,no,,,no
cassava-for-food-fresh-tubers,Cassava For Food Fresh Tubers,yes,yes,yes,no,no,,no,,,no
cassava-for-industrial-use-fresh-tubers,Cassava For Industrial Use Fresh Tubers,yes,yes,yes,no,no,,no,,,no
cassava-fresh-tubers,Cassava Fresh Tubers,yes,yes,yes,no,no,,no,,,no
castor-beans,Castor Beans,yes,yes,yes,no,no,,no,,,no
cauliflower,Cauliflower,yes,yes,yes,no,yes,national,no,,,no
celery,Celery,yes,yes,yes,no,yes,national,no,,,no
chayote-fruit,Chayote Fruit,yes,yes,yes,no,no,,no,,,no
chaysim,Chaysim,yes,yes,no,no,no,,no,,,no
chico,Chico,yes,yes,no,no,yes,national,no,,,no
chili-pepper-fruit-siling-labuyo,Chili Pepper Fruit Siling Labuyo,yes,yes,yes,no,no,,no,,,no
chinese-cabbage-wongbok-pechay-baguio,Chinese Cabbage Wongbok Pechay Baguio,yes,yes,yes,no,no,,no,,,no
chinese-malunggay,Chinese Malunggay,yes,yes,no,no,no,,no,,,no
chives,Chives,yes,yes,no,no,no,,no,,,no
chrysanthemum,Chrysanthemum,yes,yes,yes,no,no,,no,,,no
cogon,Cogon,yes,yes,no,no,no,,no,,,no
coriander,Coriander,yes,yes,no,no,no,,no,,,no
corn,Corn,yes,yes,no,no,yes,national,yes,Corn,direct_label,no
cotton,Cotton,yes,yes,no,no,yes,national,no,,,no
cowpea,Cowpea,yes,yes,no,no,no,,no,,,no
cowpea-dry,Cowpea Dry,yes,yes,no,no,no,,no,,,no
cowpea-green,Cowpea Green,yes,yes,no,no,no,,no,,,no
cucumber,Cucumber,yes,yes,yes,no,yes,national,no,,,no
d-marginata-tricolor,D Marginata Tricolor,yes,yes,no,no,no,,no,,,no
d-sanderiana-white-whitecorn,D Sanderiana White Whitecorn,yes,yes,no,no,no,,no,,,no
d-sanderiana-yellow,D Sanderiana Yellow,yes,yes,no,no,no,,no,,,no
dahlia,Dahlia,yes,yes,no,no,no,,no,,,no
daisy,Daisy,yes,yes,yes,no,no,,no,,,no
dalandan,Dalandan,yes,yes,no,no,no,,no,,,no
dawa,Dawa,yes,yes,no,no,no,,no,,,no
dracaena,Dracaena,yes,yes,no,no,no,,no,,,no
dragon-fruit,Dragon Fruit,yes,yes,yes,no,no,,no,,,no
duhat,Duhat,yes,yes,yes,no,no,,no,,,no
durian,Durian,yes,yes,yes,no,yes,national,no,,,no
eggplant,Eggplant,yes,yes,no,no,yes,national,yes,Vegetables,group_layer,yes
eugenia,Eugenia,yes,yes,no,no,no,,no,,,no
euphorbia,Euphorbia,yes,yes,yes,no,no,,no,,,no
fishtail-palm,Fishtail Palm,yes,yes,no,no,no,,no,,,no
flemingia,Flemingia,yes,yes,no,no,no,,no,,,no
florida-beauty,Florida Beauty,yes,yes,no,no,no,,no,,,no
gabi-taro,Gabi Taro,yes,yes,no,no,no,,no,,,no
garbansos-chick-pea,Garbansos Chick Pea,yes,yes,no,no,no,,no,,,no
garlic-dried-bulb,Garlic Dried Bulb,yes,yes,yes,no,no,,no,,,no
garlic-leeks,Garlic Leeks,yes,yes,no,no,no,,no,,,no
gerbera,Gerbera,yes,yes,yes,no,no,,no,,,no
ginger,Ginger,yes,yes,no,no,yes,national,no,,,no
ginseng,Ginseng,yes,yes,no,no,no,,no,,,no
gisantes-garden-pea,Gisantes Garden Pea,yes,yes,no,no,no,,no,,,no
gladiola,Gladiola,yes,yes,yes,no,no,,no,,,no
golden-melon,Golden Melon,yes,yes,yes,no,no,,no,,,no
granada,Granada,yes,yes,no,no,no,,no,,,no
grapes,Grapes,yes,yes,no,no,no,,no,,,no
grapes-green,Grapes Green,yes,yes,yes,no,no,,no,,,no
grapes-red,Grapes Red,yes,yes,yes,no,no,,no,,,no
green-corn-stalk,Green Corn Stalk,yes,yes,yes,no,no,,no,,,no
guava,Guava,yes,yes,yes,no,no,,no,,,no
guava-guapple,Guava Guapple,yes,yes,no,no,no,,no,,,no
guava-native,Guava Native,yes,yes,no,no,no,,no,,,no
guinea-grass,Guinea Grass,yes,yes,no,no,no,,no,,,no
guyabano,Guyabano,yes,yes,no,no,yes,national,no,,,no
habitchuelas-snap-beans,Habitchuelas Snap Beans,yes,yes,yes,yes,no,,no,,,no
halib-on,Halib On,yes,yes,no,no,no,,no,,,no
hanlilika,Hanlilika,yes,yes,no,no,no,,no,,,no
heliconia,Heliconia,yes,yes,no,no,no,,no,,,no
hevi,Hevi,yes,yes,no,no,no,,no,,,no
ikmo-buyo,Ikmo Buyo,yes,yes,no,no,no,,no,,,no
ilang-ilang,Ilang Ilang,yes,yes,no,no,no,,no,,,no
irrigated-palay,Irrigated Palay,yes,yes,no,no,no,,no,,,no
jackfruit-ripe,Jackfruit Ripe,yes,yes,yes,no,no,,no,,,no
julia-plant,Julia Plant,yes,yes,no,no,no,,no,,,no
jute,Jute,yes,yes,no,no,no,,no,,,no
kadios-pigeon-pea,Kadios Pigeon Pea,yes,yes,yes,no,no,,no,,,no
kalumpit,Kalumpit,yes,yes,no,no,no,,no,,,no
kamansi,Kamansi,yes,yes,yes,no,no,,no,,,no
kamias,Kamias,yes,yes,no,no,no,,no,,,no
kangkong-swamp-cabbage,Kangkong Swamp Cabbage,yes,yes,yes,no,no,,no,,,no
kapok,Kapok,yes,yes,yes,no,no,,no,,,no
karamay,Karamay,yes,yes,yes,no,no,,no,,,no
katuray,Katuray,yes,yes,no,no,no,,no,,,no
kentucky-beans,Kentucky Beans,yes,yes,no,no,no,,no,,,no
kidney-beans,Kidney Beans,yes,yes,no,no,no,,no,,,no
kidney-beans-red,Kidney Beans Red,yes,yes,no,no,no,,no,,,no
kidney-beans-white,Kidney Beans White,yes,yes,no,no,no,,no,,,no
kinchay,Kinchay,yes,yes,no,no,no,,no,,,no
kulibangbang,Kulibangbang,yes,yes,no,no,no,,no,,,no
kulitis,Kulitis,yes,yes,no,no,no,,no,,,no
kundol,Kundol,yes,yes,no,no,no,,no,,,no
labog-rossel,Labog Rossel,yes,yes,no,no,no,,no,,,no
ladybird,Ladybird,yes,yes,no,no,no,,no,,,no
lagundi,Lagundi,yes,yes,yes,no,no,,no,,,no
lanzones,Lanzones,yes,yes,yes,no,yes,national,no,,,no
laurel,Laurel,yes,yes,no,no,no,,no,,,no
laza-tambo,Laza Tambo,yes,yes,no,no,no,,no,,,no
lemon,Lemon,yes,yes,yes,no,no,,no,,,no
lettuce,Lettuce,yes,yes,yes,no,no,,no,,,no
likway,Likway,yes,yes,no,no,no,,no,,,no
lime,Lime,yes,yes,yes,no,no,,no,,,no
lipote,Lipote,yes,yes,no,no,no,,no,,,no
longans,Longans,yes,yes,no,no,no,,no,,,no
lupo,Lupo,yes,yes,no,no,no,,no,,,no
luyang-dilaw-turmeric,Luyang Dilaw Turmeric,yes,yes,no,no,no,,no,,,no
mabolo,Mabolo,yes,yes,no,no,no,,no,,,no
madre-de-agua,Madre De Agua,yes,yes,no,no,no,,no,,,no
maguey,Maguey,yes,yes,yes,no,no,,no,,,no
makopa,Makopa,yes,yes,yes,no,no,,no,,,no
malunggay-fruit,Malunggay Fruit,yes,yes,no,no,no,,no,,,no
mandarin,Mandarin,yes,yes,no,no,yes,national,no,,,no
mango,Mango,yes,yes,no,no,yes,national,yes,Mango,direct_label,no
mango-carabao,Mango Carabao,yes,yes,no,no,no,,no,,,no
mango-indian,Mango Indian,yes,yes,no,no,no,,no,,,no
mango-others,Mango Others,yes,yes,no,no,no,,no,,,no
mango-piko,Mango Piko,yes,yes,no,no,no,,no,,,no
mangosteen,Mangosteen,yes,yes,yes,no,yes,national,no,,,no
manguelas-june-plum,Manguelas June Plum,yes,yes,no,no,no,,no,,,no
marang,Marang,yes,yes,yes,no,yes,national,no,,,no
mayana,Mayana,yes,yes,no,no,no,,no,,,no
melon,Melon,yes,yes,no,no,no,,no,,,no
melon-honey-dew,Melon Honey Dew,yes,yes,no,no,no,,no,,,no
melon-muskmelon,Melon Muskmelon,yes,yes,no,no,no,,no,,,no
miagos,Miagos,yes,yes,no,no,no,,no,,,no
mini-pineapple,Mini Pineapple,yes,yes,no,no,no,,no,,,no
mint,Mint,yes,yes,no,no,no,,no,,,no
miracle-fruit,Miracle Fruit,yes,yes,no,no,no,,no,,,no
mongo-mungbean,Mongo Mungbean,yes,yes,no,no,no,,no,,,no
mulberry,Mulberry,yes,yes,no,no,no,,no,,,no
mustard,Mustard,yes,yes,yes,no,no,,no,,,no
napier-grass,Napier Grass,yes,yes,yes,no,no,,no,,,no
ngalug,Ngalug,yes,yes,no,no,no,,no,,,no
okra-lady-s-finger,Okra Lady S Finger,yes,yes,yes,no,no,,no,,,no
onion-bermuda,Onion Bermuda,yes,yes,no,no,no,,no,,,no
onion-leeks,Onion Leeks,yes,yes,yes,no,no,,no,,,no
onion-mature-bulb,Onion Mature Bulb,yes,yes,no,no,no,,no,,,no
onion-red-creole-bermuda-red,Onion Red Creole Bermuda Red,yes,yes,yes,yes,no,,no,,,no
onion-red-shallot-sibuyas-tagalog,Onion Red Shallot Sibuyas Tagalog,yes,yes,yes,no,no,,no,,,no
onion-yellow-granex-bermuda-white,Onion Yellow Granex Bermuda White,yes,yes,yes,no,no,,no,,,no
orange,Orange,yes,yes,yes,no,yes,national,no,,,no
orchids,Orchids,yes,yes,no,no,no,,no,,,no
orchids-dendrobium,Orchids Dendrobium,yes,yes,no,no,no,,no,,,no
orchids-vanda,Orchids Vanda,yes,yes,no,no,no,,no,,,no
oregano,Oregano,yes,yes,no,no,no,,no,,,no
pahid,Pahid,yes,yes,no,no,no,,no,,,no
pako-edible-fern,Pako Edible Fern,yes,yes,no,no,no,,no,,,no
palay,Palay,yes,yes,no,no,no,,no,,,no
palm-ornamentals,Palm Ornamentals,yes,yes,yes,no,no,,no,,,no
palong-manok,Palong Manok,yes,yes,no,no,no,,no,,,no
paminta-black-pepper,Paminta Black Pepper,yes,yes,yes,no,no,,no,,,no
pandakaki,Pandakaki,yes,yes,no,no,no,,no,,,no
pandan-for-fiber,Pandan For Fiber,yes,yes,no,no,no,,no,,,no
pandan-fresh-leaves,Pandan Fresh Leaves,yes,yes,no,no,no,,no,,,no
pangi,Pangi,yes,yes,no,no,no,,no,,,no
pao-galiang,Pao Galiang,yes,yes,yes,no,yes,national,no,,,no
papait,Papait,yes,yes,no,no,no,,no,,,no
papaya,Papaya,yes,yes,no,no,yes,national,yes,Papaya,direct_label,no
papaya-hawaiian,Papaya Hawaiian,yes,yes,yes,yes,no,,no,,,no
papaya-native,Papaya Native,yes,yes,yes,no,no,,no,,,no
papaya-solo,Papaya Solo,yes,yes,yes,no,no,,no,,,no
parsley,Parsley,yes,yes,no,no,no,,no,,,no
passion-fruit,Passion Fruit,yes,yes,yes,no,no,,no,,,no
patani-lima-beans,Patani Lima Beans,yes,yes,yes,no,no,,no,,,no
patola,Patola,yes,yes,no,no,yes,national,no,,,no
peanut-with-shell-dry,Peanut With Shell Dry,yes,yes,yes,yes,no,,no,,,no
pears,Pears,yes,yes,no,no,no,,no,,,no
pechay,Pechay,yes,yes,no,no,yes,national,no,,,no
pechay-native,Pechay Native,yes,yes,yes,yes,no,,no,,,no
pepper,Pepper,yes,yes,no,no,no,,no,,,no
pepper-bell,Pepper Bell,yes,yes,yes,no,no,,no,,,no
pepper-finger,Pepper Finger,yes,yes,yes,no,no,,no,,,no
pepper-tree,Pepper Tree,yes,yes,no,no,no,,no,,,no
persimmon,Persimmon,yes,yes,no,no,no,,no,,,no
pili-nut,Pili Nut,yes,yes,no,no,yes,national,no,,,no
pineapple,Pineapple,yes,yes,no,no,yes,national,yes,Pineapple,direct_label,no
pineapple-fiber,Pineapple Fiber,yes,yes,no,no,no,,no,,,no
pink-ivy,Pink Ivy,yes,yes,no,no,no,,no,,,no
pomelo,Pomelo,yes,yes,yes,no,yes,national,no,,,no
potato,Potato,yes,yes,yes,no,yes,national,no,,,no
pothos,Pothos,yes,yes,no,no,no,,no,,,no
puto-puto,Puto Puto,yes,yes,no,no,no,,no,,,no
radish,Radish,yes,yes,yes,no,yes,national,no,,,no
radish-pods,Radish Pods,yes,yes,no,no,no,,no,,,no
rainfed-palay,Rainfed Palay,yes,yes,no,no,no,,no,,,no
rambutan,Rambutan,yes,yes,yes,no,no,,no,,,no
ramie,Ramie,yes,yes,yes,no,no,,no,,,no
rattan-fruits,Rattan Fruits,yes,yes,no,no,no,,no,,,no
red-beans,Red Beans,yes,yes,no,no,no,,no,,,no
rensoni,Rensoni,yes,yes,no,no,no,,no,,,no
romblon,Romblon,yes,yes,no,no,no,,no,,,no
roses,Roses,yes,yes,yes,no,no,,no,,,no
sabatini,Sabatini,yes,yes,no,no,no,,no,,,no
sabidokong,Sabidokong,yes,yes,no,no,no,,no,,,no
salago,Salago,yes,yes,no,no,no,,no,,,no
saluyot,Saluyot,yes,yes,yes,no,no,,no,,,no
sambong,Sambong,yes,yes,no,no,no,,no,,,no
sampaguita,Sampaguita,yes,yes,yes,no,no,,no,,,no
sampinit-wild-raspberry,Sampinit Wild Raspberry,yes,yes,no,no,no,,no,,,no
samsamping,Samsamping,yes,yes,no,no,no,,no,,,no
san-francisco,San Francisco,yes,yes,no,no,no,,no,,,no
sangig,Sangig,yes,yes,no,no,no,,no,,,no
santan,Santan,yes,yes,no,no,no,,no,,,no
santol,Santol,yes,yes,no,no,no,,no,,,no
sayung-sayong,Sayung Sayong,yes,yes,no,no,no,,no,,,no
serial-serales,Serial Serales,yes,yes,no,no,no,,no,,,no
sesame,Sesame,yes,yes,no,no,no,,no,,,no
sigarilyas-winged-beans,Sigarilyas Winged Beans,yes,yes,yes,no,no,,no,,,no
sineguelas,Sineguelas,yes,yes,no,no,no,,no,,,no
singkamas-turnip,Singkamas Turnip,yes,yes,yes,no,no,,no,,,no
sitao-stringbeans,Sitao Stringbeans,yes,yes,yes,no,no,,no,,,no
song-of-korea,Song Of Korea,yes,yes,no,no,no,,no,,,no
sorghum,Sorghum,yes,yes,yes,no,no,,no,,,no
soybeans,Soybeans,yes,yes,yes,no,no,,no,,,no
spinach,Spinach,yes,yes,no,no,no,,no,,,no
spraymum,Spraymum,yes,yes,no,no,no,,no,,,no
spring-onion,Spring Onion,yes,yes,yes,no,no,,no,,,no
squash-fruit,Squash Fruit,yes,yes,yes,no,no,,no,,,no
starapple,Starapple,yes,yes,yes,no,no,,no,,,no
statice,Statice,yes,yes,no,no,no,,no,,,no
strawberry,Strawberry,yes,yes,yes,no,yes,national,no,,,no
sugarcane,Sugarcane,yes,yes,no,no,yes,national,yes,Sugarcane,direct_label,no
sugarcane-for-basi-vinegar,Sugarcane For Basi Vinegar,yes,yes,no,no,no,,no,,,no
sugarcane-for-chewing,Sugarcane For Chewing,yes,yes,yes,no,no,,no,,,no
sugarcane-for-ethanol,Sugarcane For Ethanol,yes,yes,no,no,no,,no,,,no
sugarcane-for-panocha-muscovado,Sugarcane For Panocha Muscovado,yes,yes,no,no,no,,no,,,no
sugodsugod,Sugodsugod,yes,yes,no,no,no,,no,,,no
sunflower,Sunflower,yes,yes,no,no,no,,no,,,no
sweet-peas,Sweet Peas,yes,yes,no,no,no,,no,,,no
tabon-tabon,Tabon Tabon,yes,yes,no,no,no,,no,,,no
talinum,Talinum,yes,yes,no,no,no,,no,,,no
tamarind-fruit,Tamarind Fruit,yes,yes,no,no,no,,no,,,no
tambis,Tambis,yes,yes,yes,no,no,,no,,,no
tanglad-lemon-grass,Tanglad Lemon Grass,yes,yes,no,no,no,,no,,,no
tawri,Tawri,yes,yes,no,no,no,,no,,,no
tiger-grass,Tiger Grass,yes,yes,yes,no,no,,no,,,no
tikog,Tikog,yes,yes,no,no,no,,no,,,no
tobacco,Tobacco,yes,yes,no,no,yes,national,no,,,no
tobacco-native,Tobacco Native,yes,yes,no,no,no,,no,,,no
tobacco-others,Tobacco Others,yes,yes,no,no,no,,no,,,no
tobacco-virginia,Tobacco Virginia,yes,yes,no,no,no,,no,,,no
tomato,Tomato,yes,yes,yes,yes,yes,national,yes,Vegetables,group_layer,yes
torch-flower,Torch Flower,yes,yes,no,no,no,,no,,,no
tugue,Tugue,yes,yes,no,no,yes,national,no,,,no
ubi-greater-yam,Ubi Greater Yam,yes,yes,yes,no,no,,no,,,no
upo-bottle-gourd,Upo Bottle Gourd,yes,yes,yes,yes,no,,no,,,no
watercress,Watercress,yes,yes,no,no,no,,no,,,no
watermelon,Watermelon,yes,yes,yes,no,yes,national,no,,,no
white-corn,White Corn,yes,yes,no,no,no,,no,,,no
wonder-beans,Wonder Beans,yes,yes,no,no,no,,no,,,no
wonder-white-flower,Wonder White Flower,yes,yes,no,no,no,,no,,,no
yacon,Yacon,yes,yes,no,no,no,,no,,,no
yam-beans,Yam Beans,yes,yes,yes,no,no,,no,,,no
yellow-bell,Yellow Bell,yes,yes,no,no,no,,no,,,no
yellow-corn,Yellow Corn,yes,yes,no,no,no,,no,,,no
yerba-buena,Yerba Buena,yes,yes,no,no,no,,no,,,no
young-corn,Young Corn,yes,yes,no,no,no,,no,,,no
zapote,Zapote,yes,yes,no,no,no,,no,,,no
zucchini,Zucchini,yes,yes,no,no,no,,no,,,no
