period,category,commodity,specification,region,market_scope,unit,weekly_average_price_php,observation_status,source_id,data_status
2026-09-07_to_2026-09-13,KADIWA RICE-FOR-ALL,P20 Benteng Bigas Meron Na,,NCR,DA monitored NCR markets,kg,20.00,reported,DA-PM-2026-09-07-13,observed
2026-09-07_to_2026-09-13,IMPORTED COMMERCIAL RICE,Basmati,,NCR,DA monitored NCR markets,kg,190.00,reported,DA-PM-2026-09-07-13,observed
2026-09-07_to_2026-09-13,IMPORTED COMMERCIAL RICE,Glutinous,,NCR,DA monitored NCR markets,kg,61.07,reported,DA-PM-2026-09-07-13,observed
2026-09-07_to_2026-09-13,IMPORTED COMMERCIAL RICE,Japonica/Jasponica,,NCR,DA monitored NCR markets,kg,60.51,reported,DA-PM-2026-09-07-13,observed
2026-09-07_to_2026-09-13,IMPORTED COMMERCIAL RICE,Other Special Rice,White Rice,NCR,DA monitored NCR markets,kg,59.49,reported,DA-PM-2026-09-07-13,observed
2026-09-07_to_2026-09-13,IMPORTED COMMERCIAL RICE,Premium,5% broken,NCR,DA monitored NCR markets,kg,53.55,reported,DA-PM-2026-09-07-13,observed
2026-09-07_to_2026-09-13,IMPORTED COMMERCIAL RICE,Well Milled,1-19% bran streak,NCR,DA monitored NCR markets,kg,48.00,reported,DA-PM-2026-09-07-13,observed
2026-09-07_to_2026-09-13,IMPORTED COMMERCIAL RICE,Regular Milled,20-40% bran streak,NCR,DA monitored NCR markets,kg,45.25,reported,DA-PM-2026-09-07-13,observed
2026-09-07_to_2026-09-13,LOCAL COMMERCIAL RICE,Basmati,,NCR,DA monitored NCR markets,kg,150.00,reported,DA-PM-2026-09-07-13,observed
2026-09-07_to_2026-09-13,LOCAL COMMERCIAL RICE,Glutinous,,NCR,DA monitored NCR markets,kg,77.54,reported,DA-PM-2026-09-07-13,observed
2026-09-07_to_2026-09-13,LOCAL COMMERCIAL RICE,Japonica/Jasponica,,NCR,DA monitored NCR markets,kg,,not_sold,DA-PM-2026-09-07-13,observed
2026-09-07_to_2026-09-13,LOCAL COMMERCIAL RICE,Other Special Rice,White Rice,NCR,DA monitored NCR markets,kg,60.16,reported,DA-PM-2026-09-07-13,observed
2026-09-07_to_2026-09-13,LOCAL COMMERCIAL RICE,Premium,5% broken,NCR,DA monitored NCR markets,kg,54.16,reported,DA-PM-2026-09-07-13,observed
2026-09-07_to_2026-09-13,LOCAL COMMERCIAL RICE,Well Milled,1-19% bran streak,NCR,DA monitored NCR markets,kg,48.78,reported,DA-PM-2026-09-07-13,observed
2026-09-07_to_2026-09-13,LOCAL COMMERCIAL RICE,Regular Milled,20-40% bran streak,NCR,DA monitored NCR markets,kg,44.72,reported,DA-PM-2026-09-07-13,observed
2026-09-07_to_2026-09-13,CORN PRODUCTS,Corn (White),"Cob, Glutinous",NCR,DA monitored NCR markets,kg,111.90,reported,DA-PM-2026-09-07-13,observed
2026-09-07_to_2026-09-13,CORN PRODUCTS,Corn (Yellow),"Cob, Sweet Corn",NCR,DA monitored NCR markets,kg,97.03,reported,DA-PM-2026-09-07-13,observed
2026-09-07_to_2026-09-13,CORN PRODUCTS,"Corn Grits (White, Food Grade)",,NCR,DA monitored NCR markets,kg,79.17,reported,DA-PM-2026-09-07-13,observed
2026-09-07_to_2026-09-13,CORN PRODUCTS,"Corn Grits (Yellow, Food Grade)",,NCR,DA monitored NCR markets,kg,79.17,reported,DA-PM-2026-09-07-13,observed
2026-09-07_to_2026-09-13,CORN PRODUCTS,"Corn Cracked (Yellow, Feed Grade)",,NCR,DA monitored NCR markets,kg,45.73,reported,DA-PM-2026-09-07-13,observed
2026-09-07_to_2026-09-13,CORN PRODUCTS,Corn Grits (Feed Grade),,NCR,DA monitored NCR markets,kg,45.73,reported,DA-PM-2026-09-07-13,observed
2026-09-07_to_2026-09-13,LEGUMES,Mungbean,,NCR,DA monitored NCR markets,kg,149.00,reported,DA-PM-2026-09-07-13,observed
2026-09-07_to_2026-09-13,FISH PRODUCTS,Alumahan (Indian Mackerel),Medium (4-6 pcs/kg),NCR,DA monitored NCR markets,kg,353.67,reported,DA-PM-2026-09-07-13,observed
2026-09-07_to_2026-09-13,FISH PRODUCTS,"Bangus, Large",Large (1-2 pcs),NCR,DA monitored NCR markets,kg,271.33,reported,DA-PM-2026-09-07-13,observed
2026-09-07_to_2026-09-13,FISH PRODUCTS,"Bangus, Medium",Medium (3-4 pcs/kg),NCR,DA monitored NCR markets,kg,244.95,reported,DA-PM-2026-09-07-13,observed
2026-09-07_to_2026-09-13,FISH PRODUCTS,Bonito (Frigate Tuna),,NCR,DA monitored NCR markets,kg,,unavailable,DA-PM-2026-09-07-13,observed
2026-09-07_to_2026-09-13,FISH PRODUCTS,"Galunggong, Local","Male, Medium (12-14 pcs/kg)",NCR,DA monitored NCR markets,kg,310.79,reported,DA-PM-2026-09-07-13,observed
2026-09-07_to_2026-09-13,FISH PRODUCTS,"Galunggong, Imported","Male, Medium (12-14 pcs/kg)",NCR,DA monitored NCR markets,kg,,unavailable,DA-PM-2026-09-07-13,observed
2026-09-07_to_2026-09-13,FISH PRODUCTS,"Salmon Belly, Local",,NCR,DA monitored NCR markets,kg,,unavailable,DA-PM-2026-09-07-13,observed
2026-09-07_to_2026-09-13,FISH PRODUCTS,Sardines (Tamban),,NCR,DA monitored NCR markets,kg,153.24,reported,DA-PM-2026-09-07-13,observed
2026-09-07_to_2026-09-13,FISH PRODUCTS,"Squid (Pusit Bisaya), Local",Medium,NCR,DA monitored NCR markets,kg,472.54,reported,DA-PM-2026-09-07-13,observed
2026-09-07_to_2026-09-13,FISH PRODUCTS,"Tambakol (Yellow-Fin Tuna), Local","Medium, Fresh or Chilled",NCR,DA monitored NCR markets,kg,312.57,reported,DA-PM-2026-09-07-13,observed
2026-09-07_to_2026-09-13,FISH PRODUCTS,Tilapia,Medium (5-6 pcs/kg),NCR,DA monitored NCR markets,kg,158.35,reported,DA-PM-2026-09-07-13,observed
2026-09-07_to_2026-09-13,BEEF PRODUCTS,"Beef Brisket, Local",Meat with Bones,NCR,DA monitored NCR markets,kg,441.22,reported,DA-PM-2026-09-07-13,observed
2026-09-07_to_2026-09-13,BEEF PRODUCTS,"Beef Rump, Local",Lean Meat/Tapadera,NCR,DA monitored NCR markets,kg,494.10,reported,DA-PM-2026-09-07-13,observed
2026-09-07_to_2026-09-13,BEEF PRODUCTS,"Pork Belly (Liempo), Local",,NCR,DA monitored NCR markets,kg,377.74,reported,DA-PM-2026-09-07-13,observed
2026-09-07_to_2026-09-13,BEEF PRODUCTS,"Pork Belly (Liempo), Imported",,NCR,DA monitored NCR markets,kg,306.36,reported,DA-PM-2026-09-07-13,observed
2026-09-07_to_2026-09-13,BEEF PRODUCTS,"Pork Picnic Shoulder (Kasim), Local",,NCR,DA monitored NCR markets,kg,323.66,reported,DA-PM-2026-09-07-13,observed
2026-09-07_to_2026-09-13,BEEF PRODUCTS,"Pork Picnic Shoulder (Kasim), Imported",,NCR,DA monitored NCR markets,kg,240.80,reported,DA-PM-2026-09-07-13,observed
2026-09-07_to_2026-09-13,BEEF PRODUCTS,"Whole Chicken, Local",Fully Dressed,NCR,DA monitored NCR markets,kg,200.70,reported,DA-PM-2026-09-07-13,observed
2026-09-07_to_2026-09-13,BEEF PRODUCTS,"Chicken Egg (White, Pewee)",41-45 grams/pc,NCR,DA monitored NCR markets,pc,6.17,reported,DA-PM-2026-09-07-13,observed
2026-09-07_to_2026-09-13,BEEF PRODUCTS,"Chicken Egg (White, Extra Small)",46-50 grams/pc,NCR,DA monitored NCR markets,pc,6.94,reported,DA-PM-2026-09-07-13,observed
2026-09-07_to_2026-09-13,BEEF PRODUCTS,"Chicken Egg (White, Small)",51-55 grams/pc,NCR,DA monitored NCR markets,pc,7.48,reported,DA-PM-2026-09-07-13,observed
2026-09-07_to_2026-09-13,BEEF PRODUCTS,"Chicken Egg (White, Medium)",56-60 grams/pc,NCR,DA monitored NCR markets,pc,8.12,reported,DA-PM-2026-09-07-13,observed
2026-09-07_to_2026-09-13,BEEF PRODUCTS,"Chicken Egg (White, Large)",61-65 grams/pc,NCR,DA monitored NCR markets,pc,8.73,reported,DA-PM-2026-09-07-13,observed
2026-09-07_to_2026-09-13,BEEF PRODUCTS,"Chicken Egg (White, Extra Large)",66-70 grams/pc,NCR,DA monitored NCR markets,pc,9.36,reported,DA-PM-2026-09-07-13,observed
2026-09-07_to_2026-09-13,BEEF PRODUCTS,"Chicken Egg (White, Jumbo)",71> grams/pc,NCR,DA monitored NCR markets,pc,10.03,reported,DA-PM-2026-09-07-13,observed
2026-09-07_to_2026-09-13,BEEF PRODUCTS,"Chicken Egg (Brown, Medium)",Medium,NCR,DA monitored NCR markets,pc,10.85,reported,DA-PM-2026-09-07-13,observed
2026-09-07_to_2026-09-13,BEEF PRODUCTS,"Chicken Egg (Brown, Large)",Large,NCR,DA monitored NCR markets,pc,11.50,reported,DA-PM-2026-09-07-13,observed
2026-09-07_to_2026-09-13,BEEF PRODUCTS,"Chicken Egg (Brown, Extra Large)",Extra Large,NCR,DA monitored NCR markets,pc,11.44,reported,DA-PM-2026-09-07-13,observed
2026-09-07_to_2026-09-13,LOWLAND VEGETABLES,Ampalaya,4-5 pcs/kg,NCR,DA monitored NCR markets,kg,183.43,reported,DA-PM-2026-09-07-13,observed
2026-09-07_to_2026-09-13,LOWLAND VEGETABLES,"Chilli (Green), Local",Haba/Panigang,NCR,DA monitored NCR markets,kg,191.74,reported,DA-PM-2026-09-07-13,observed
2026-09-07_to_2026-09-13,LOWLAND VEGETABLES,Eggplant,3-4 Small Bundles,NCR,DA monitored NCR markets,kg,156.05,reported,DA-PM-2026-09-07-13,observed
2026-09-07_to_2026-09-13,LOWLAND VEGETABLES,Native Pechay,3-4 Small Bundles,NCR,DA monitored NCR markets,kg,166.76,reported,DA-PM-2026-09-07-13,observed
2026-09-07_to_2026-09-13,LOWLAND VEGETABLES,Pole Sitao,3-4 Small Bundles,NCR,DA monitored NCR markets,kg,177.34,reported,DA-PM-2026-09-07-13,observed
2026-09-07_to_2026-09-13,LOWLAND VEGETABLES,Squash,Suprema Variety,NCR,DA monitored NCR markets,kg,66.08,reported,DA-PM-2026-09-07-13,observed
2026-09-07_to_2026-09-13,LOWLAND VEGETABLES,Tomato,15-18 pcs/kg,NCR,DA monitored NCR markets,kg,116.62,reported,DA-PM-2026-09-07-13,observed
2026-09-07_to_2026-09-13,HIGHLAND VEGETABLES,"Bell Pepper (Green), Local",Medium (151-250gm/pc),NCR,DA monitored NCR markets,kg,289.57,reported,DA-PM-2026-09-07-13,observed
2026-09-07_to_2026-09-13,HIGHLAND VEGETABLES,"Bell Pepper (Red), Local",Medium (151-250gm/pc),NCR,DA monitored NCR markets,kg,261.95,reported,DA-PM-2026-09-07-13,observed
2026-09-07_to_2026-09-13,HIGHLAND VEGETABLES,"Broccoli, Local",Medium (8-10 cm diameter/bunch hd),NCR,DA monitored NCR markets,kg,256.00,reported,DA-PM-2026-09-07-13,observed
2026-09-07_to_2026-09-13,HIGHLAND VEGETABLES,"Cauliflower, Local",Medium (8-10 cm diameter/bunch hd),NCR,DA monitored NCR markets,kg,287.45,reported,DA-PM-2026-09-07-13,observed
2026-09-07_to_2026-09-13,HIGHLAND VEGETABLES,Cabbage (Rare Ball),510 gm - 1 kg/head,NCR,DA monitored NCR markets,kg,172.66,reported,DA-PM-2026-09-07-13,observed
2026-09-07_to_2026-09-13,HIGHLAND VEGETABLES,Cabbage (Scorpio),750 gm - 1 kg/head,NCR,DA monitored NCR markets,kg,162.59,reported,DA-PM-2026-09-07-13,observed
2026-09-07_to_2026-09-13,HIGHLAND VEGETABLES,Cabbage (Wonder Ball),510 gm - 1 kg/head,NCR,DA monitored NCR markets,kg,164.24,reported,DA-PM-2026-09-07-13,observed
2026-09-07_to_2026-09-13,HIGHLAND VEGETABLES,"Carrots, Local",8-10 pcs/kg,NCR,DA monitored NCR markets,kg,115.23,reported,DA-PM-2026-09-07-13,observed
2026-09-07_to_2026-09-13,HIGHLAND VEGETABLES,Celery,Medium (501-800 g),NCR,DA monitored NCR markets,kg,355.09,reported,DA-PM-2026-09-07-13,observed
2026-09-07_to_2026-09-13,HIGHLAND VEGETABLES,Chayote,Medium (301-400 g),NCR,DA monitored NCR markets,kg,119.34,reported,DA-PM-2026-09-07-13,observed
2026-09-07_to_2026-09-13,HIGHLAND VEGETABLES,"Habichuelas/Baguio Beans, Local",,NCR,DA monitored NCR markets,kg,186.52,reported,DA-PM-2026-09-07-13,observed
2026-09-07_to_2026-09-13,HIGHLAND VEGETABLES,Pechay Baguio,,NCR,DA monitored NCR markets,kg,219.08,reported,DA-PM-2026-09-07-13,observed
2026-09-07_to_2026-09-13,HIGHLAND VEGETABLES,Lettuce (Green Ice),,NCR,DA monitored NCR markets,kg,595.37,reported,DA-PM-2026-09-07-13,observed
2026-09-07_to_2026-09-13,HIGHLAND VEGETABLES,Lettuce (Iceberg),Medium (301-450 cm diameter/bunch hd),NCR,DA monitored NCR markets,kg,539.77,reported,DA-PM-2026-09-07-13,observed
2026-09-07_to_2026-09-13,HIGHLAND VEGETABLES,Lettuce (Romaine),,NCR,DA monitored NCR markets,kg,608.23,reported,DA-PM-2026-09-07-13,observed
2026-09-07_to_2026-09-13,HIGHLAND VEGETABLES,"White Potato, Local",10-12 pcs/kg,NCR,DA monitored NCR markets,kg,155.20,reported,DA-PM-2026-09-07-13,observed
2026-09-07_to_2026-09-13,SPICES,"Chilli (Red), Local",Tingala,NCR,DA monitored NCR markets,kg,202.79,reported,DA-PM-2026-09-07-13,observed
2026-09-07_to_2026-09-13,SPICES,"Garlic, Native/Local",,NCR,DA monitored NCR markets,kg,352.71,reported,DA-PM-2026-09-07-13,observed
2026-09-07_to_2026-09-13,SPICES,"Garlic, Imported",,NCR,DA monitored NCR markets,kg,150.03,reported,DA-PM-2026-09-07-13,observed
2026-09-07_to_2026-09-13,SPICES,"Ginger, Local","Fairly well-matured, Medium (150-300 gm)",NCR,DA monitored NCR markets,kg,187.30,reported,DA-PM-2026-09-07-13,observed
2026-09-07_to_2026-09-13,SPICES,"Red Onion, Local",13-15 pcs/kg,NCR,DA monitored NCR markets,kg,117.45,reported,DA-PM-2026-09-07-13,observed
2026-09-07_to_2026-09-13,SPICES,"Red Onion, Imported",,NCR,DA monitored NCR markets,kg,,unavailable,DA-PM-2026-09-07-13,observed
2026-09-07_to_2026-09-13,SPICES,"White Onion, Local",,NCR,DA monitored NCR markets,kg,135.21,reported,DA-PM-2026-09-07-13,observed
2026-09-07_to_2026-09-13,SPICES,"White Onion, Imported",,NCR,DA monitored NCR markets,kg,,unavailable,DA-PM-2026-09-07-13,observed
2026-09-07_to_2026-09-13,FRUITS,Avocado,,NCR,DA monitored NCR markets,kg,237.85,reported,DA-PM-2026-09-07-13,observed
2026-09-07_to_2026-09-13,FRUITS,Banana (Lakatan),8-10 pcs/kg,NCR,DA monitored NCR markets,kg,95.88,reported,DA-PM-2026-09-07-13,observed
2026-09-07_to_2026-09-13,FRUITS,Banana (Latundan),10-12 pcs/kg,NCR,DA monitored NCR markets,kg,77.23,reported,DA-PM-2026-09-07-13,observed
2026-09-07_to_2026-09-13,FRUITS,Banana (Saba),,NCR,DA monitored NCR markets,kg,64.10,reported,DA-PM-2026-09-07-13,observed
2026-09-07_to_2026-09-13,FRUITS,Calamansi,,NCR,DA monitored NCR markets,kg,105.23,reported,DA-PM-2026-09-07-13,observed
2026-09-07_to_2026-09-13,FRUITS,Mango (Carabao),"Ripe, 3-4 pcs/kg",NCR,DA monitored NCR markets,kg,232.10,reported,DA-PM-2026-09-07-13,observed
2026-09-07_to_2026-09-13,FRUITS,Melon,,NCR,DA monitored NCR markets,kg,103.90,reported,DA-PM-2026-09-07-13,observed
2026-09-07_to_2026-09-13,FRUITS,Papaya,"Solo, Ripe, 2-3 pcs/kg",NCR,DA monitored NCR markets,kg,78.67,reported,DA-PM-2026-09-07-13,observed
2026-09-07_to_2026-09-13,FRUITS,Pomelo,,NCR,DA monitored NCR markets,kg,177.06,reported,DA-PM-2026-09-07-13,observed
2026-09-07_to_2026-09-13,FRUITS,Watermelon,,NCR,DA monitored NCR markets,kg,77.48,reported,DA-PM-2026-09-07-13,observed
2026-09-07_to_2026-09-13,OTHER BASIC COMMODITIES,Salt (Rock),,NCR,DA monitored NCR markets,kg,21.91,reported,DA-PM-2026-09-07-13,observed
2026-09-07_to_2026-09-13,OTHER BASIC COMMODITIES,Salt (Iodized),,NCR,DA monitored NCR markets,kg,41.80,reported,DA-PM-2026-09-07-13,observed
2026-09-07_to_2026-09-13,OTHER BASIC COMMODITIES,Sugar (Refined),,NCR,DA monitored NCR markets,kg,81.46,reported,DA-PM-2026-09-07-13,observed
2026-09-07_to_2026-09-13,OTHER BASIC COMMODITIES,Sugar (Washed),,NCR,DA monitored NCR markets,kg,74.55,reported,DA-PM-2026-09-07-13,observed
2026-09-07_to_2026-09-13,OTHER BASIC COMMODITIES,Sugar (Brown),,NCR,DA monitored NCR markets,kg,72.25,reported,DA-PM-2026-09-07-13,observed
2026-09-07_to_2026-09-13,OTHER BASIC COMMODITIES,Cooking Oil (Palm),350 ml/bottle,NCR,DA monitored NCR markets,ml,40.22,reported,DA-PM-2026-09-07-13,observed
2026-09-07_to_2026-09-13,OTHER BASIC COMMODITIES,Cooking Oil (Palm),1 Liter/bottle,NCR,DA monitored NCR markets,L,99.94,reported,DA-PM-2026-09-07-13,observed
2026-09-07_to_2026-09-13,OTHER BASIC COMMODITIES,Cooking Oil (Coconut),350 ml/bottle,NCR,DA monitored NCR markets,ml,59.80,reported,DA-PM-2026-09-07-13,observed
2026-09-07_to_2026-09-13,OTHER BASIC COMMODITIES,Cooking Oil (Coconut),1 Liter/bottle,NCR,DA monitored NCR markets,L,154.25,reported,DA-PM-2026-09-07-13,observed
